[
    {
        "salesmanid": "1",
        "name": "Samesh Purushotham",
        "garagename": "Garage 1",
        "groupname": "Group 1",
        "productname": "L1",
        "contractamount": "1500",
        "totalsalesamount": "65000",
        "contractdate": "01.02.2020"
    },
    {
        "salesmanid": "2",
        "name": "Samesh 2",
        "garagename": "Garage 2",
        "groupname": "Group 2",
        "productname": "L2",
        "contractamount": "1200",
        "totalsalesamount": "15000",
        "contractdate": "01.01.2020"
    },
    {
        "salesmanid": "3",
        "name": "Samesh 3",
        "garagename": "Garage 3",
        "groupname": "Group 3",
        "productname": "L3",
        "contractamount": "1300",
        "totalsalesamount": "35000",
        "contractdate": "01.03.2020"
    },
    {
        "salesmanid": "4",
        "name": "Samesh 4",
        "garagename": "Garage 4",
        "groupname": "Group 4",
        "productname": "L1",
        "contractamount": "1400",
        "totalsalesamount": "64000",
        "contractdate": "01.04.2020"
    },
    {
        "salesmanid": "5",
        "name": "Samesh 5",
        "garagename": "Garage 5",
        "groupname": "Group 5",
        "productname": "L6",
        "contractamount": "1600",
        "totalsalesamount": "66000",
        "contractdate": "01.01.2020"
    },
    {
        "salesmanid": "6",
        "name": "Samesh 6",
        "garagename": "Garage 6",
        "groupname": "Group 6",
        "productname": "L2",
        "contractamount": "6500",
        "totalsalesamount": "61000",
        "contractdate": "01.032.2020"
    },
    {
        "salesmanid": "7",
        "name": "Samesh 7",
        "garagename": "Garage 4",
        "groupname": "Group 5",
        "productname": "L2",
        "contractamount": "2500",
        "totalsalesamount": "25000",
        "contractdate": "01.01.2020"
    }
]